{
  "args": {
    "model_name": "distilgpt2",
    "dataset_name": "wikitext",
    "dataset_config_name": "wikitext-2-raw-v1",
    "text_field": "text",
    "subset_train": 50,
    "subset_val": 50,
    "subset_test": 50,
    "block_size": 256,
    "alpha": 0.5,
    "temperature": 1.0,
    "cos_topk": 256,
    "per_device_train_batch_size": 2,
    "per_device_eval_batch_size": 2,
    "num_train_epochs": 1.0,
    "learning_rate": 5e-05,
    "weight_decay": 0.01,
    "warmup_ratio": 0.03,
    "gradient_accumulation_steps": 1,
    "output_dir": "runs/mixed_wt2_semcheck",
    "from_scratch": false,
    "seed": 42,
    "fp16": false,
    "eval_strategy": "epoch",
    "logging_steps": 50,
    "save_total_limit": 1,
    "min_chars": 128,
    "sample_generations": 0,
    "generation_max_new_tokens": 64,
    "semantic_eval_samples": 10,
    "semantic_metric": "sbert",
    "sbert_model": "sentence-transformers/all-MiniLM-L6-v2"
  },
  "eval": {
    "eval_loss": 2.1199021339416504,
    "eval_ce_loss": 3.8920490741729736,
    "eval_perplexity": 49.01121139526367,
    "eval_token_acc": 0.33130493576741044,
    "eval_runtime": 15.0002,
    "eval_samples_per_second": 1.933,
    "eval_steps_per_second": 1.0,
    "epoch": 1.0
  },
  "test": {
    "eval_loss": 2.2489490509033203,
    "eval_ce_loss": 4.134416103363037,
    "eval_perplexity": 62.4531135559082,
    "eval_token_acc": 0.2873303167420814,
    "eval_runtime": 15.6518,
    "eval_samples_per_second": 1.661,
    "eval_steps_per_second": 0.831,
    "epoch": 1.0
  },
  "train": {
    "train_runtime": 7.5735,
    "train_samples_per_second": 3.961,
    "train_steps_per_second": 1.981,
    "total_flos": 1959725629440.0,
    "train_loss": 2.2615501403808596,
    "epoch": 1.0
  },
  "semantic": {
    "sbert_model": "sentence-transformers/all-MiniLM-L6-v2",
    "sbert_cosine_mean": 0.46476972103118896,
    "sbert_cosine_all": [
      0.31499508023262024,
      0.46374642848968506,
      0.386816143989563,
      0.7131074666976929,
      0.1712658405303955,
      0.5953035950660706,
      0.55072021484375,
      0.5270653367042542,
      0.3771056830883026,
      0.5475714206695557
    ]
  }
}